               epoch,      train/box_loss,      train/obj_loss,      train/cls_loss,   metrics/precision,      metrics/recall,     metrics/mAP_0.5,metrics/mAP_0.5:0.95,        val/box_loss,        val/obj_loss,        val/cls_loss,               x/lr0,               x/lr1,               x/lr2
                   0,            0.076417,            0.023141,            0.044334,             0.14955,             0.75517,             0.31352,            0.082612,             0.02076,            0.007786,            0.021707,            0.070133,           0.0033185,           0.0033185
                   1,            0.044178,            0.015869,            0.040423,             0.22908,                   1,             0.31645,             0.23933,            0.015046,           0.0040572,            0.021612,            0.040111,           0.0066299,           0.0066299
                   2,            0.038773,             0.01179,            0.039844,             0.22024,                   1,             0.34374,              0.2459,            0.014653,           0.0032443,            0.021727,            0.010067,           0.0099193,           0.0099193
                   3,            0.034722,           0.0095112,            0.039318,             0.37224,             0.75175,             0.48475,             0.27863,            0.018148,           0.0029682,            0.018741,            0.009901,            0.009901,            0.009901
                   4,            0.031891,            0.008107,            0.034474,             0.43141,             0.99342,             0.53941,             0.40113,            0.013275,           0.0027987,            0.017244,            0.009901,            0.009901,            0.009901
                   5,            0.027717,           0.0075372,            0.033274,             0.37555,             0.95032,             0.57915,             0.41905,            0.010909,           0.0025899,            0.015596,            0.009868,            0.009868,            0.009868
                   6,            0.026149,           0.0069715,            0.030647,             0.46861,             0.96061,             0.66614,              0.5357,           0.0088988,           0.0026272,            0.014481,            0.009835,            0.009835,            0.009835
                   7,            0.026778,           0.0072185,             0.02804,             0.61758,             0.93586,             0.81589,             0.59878,             0.01012,           0.0025891,            0.011154,            0.009802,            0.009802,            0.009802
                   8,            0.025476,           0.0065864,            0.024502,             0.55143,             0.85602,             0.75147,             0.61515,           0.0082754,           0.0023966,             0.01468,            0.009769,            0.009769,            0.009769
                   9,            0.025217,           0.0065498,            0.022925,               0.655,             0.78416,             0.82638,             0.67449,           0.0084131,             0.00237,            0.015695,            0.009736,            0.009736,            0.009736
                  10,            0.024303,             0.00636,            0.023322,             0.79084,             0.82772,             0.87349,             0.63288,            0.010147,            0.002329,            0.011553,            0.009703,            0.009703,            0.009703
                  11,            0.023529,           0.0060101,             0.02074,             0.90657,             0.85331,             0.91529,             0.73609,           0.0087924,           0.0023675,           0.0065474,             0.00967,             0.00967,             0.00967
                  12,            0.022968,           0.0059887,            0.018938,             0.88761,             0.84208,             0.93149,             0.73884,           0.0090069,           0.0023994,            0.007373,            0.009637,            0.009637,            0.009637
                  13,            0.022175,             0.00587,            0.018857,             0.88602,             0.85009,             0.91281,             0.75502,           0.0082427,           0.0022985,           0.0073081,            0.009604,            0.009604,            0.009604
                  14,            0.023121,           0.0056871,            0.017241,             0.86965,              0.8966,             0.94002,             0.78601,           0.0078874,           0.0021948,           0.0056742,            0.009571,            0.009571,            0.009571
                  15,             0.02152,           0.0058027,            0.017811,             0.86138,             0.85274,             0.91914,             0.78086,           0.0075238,           0.0027389,           0.0076124,            0.009538,            0.009538,            0.009538
                  16,            0.022038,           0.0057795,            0.017147,             0.86485,             0.91953,             0.94754,             0.77636,           0.0075789,           0.0023973,           0.0058396,            0.009505,            0.009505,            0.009505
                  17,            0.021573,           0.0057957,            0.017244,             0.90634,             0.83838,             0.94594,             0.74978,           0.0087797,            0.002526,           0.0048788,            0.009472,            0.009472,            0.009472
                  18,            0.021436,           0.0057822,            0.015215,             0.85522,             0.91669,             0.95781,             0.76509,           0.0094525,           0.0023433,           0.0053387,            0.009439,            0.009439,            0.009439
                  19,              0.0217,           0.0057428,            0.015446,             0.84538,             0.93498,             0.95753,             0.82704,           0.0077317,           0.0022526,           0.0055663,            0.009406,            0.009406,            0.009406
                  20,            0.020559,           0.0054401,            0.015096,             0.88037,             0.95887,             0.96405,             0.82843,           0.0070871,           0.0020964,           0.0038772,            0.009373,            0.009373,            0.009373
                  21,            0.020198,           0.0054388,            0.015039,             0.85349,             0.95951,             0.97393,             0.83276,           0.0068059,           0.0020714,           0.0039997,             0.00934,             0.00934,             0.00934
                  22,            0.019875,           0.0055686,             0.01489,             0.90924,             0.86345,             0.95847,             0.81739,            0.007069,           0.0021321,           0.0052572,            0.009307,            0.009307,            0.009307
                  23,            0.019925,           0.0053137,              0.0124,              0.8972,             0.94717,             0.96527,             0.83682,           0.0071774,           0.0020111,            0.003909,            0.009274,            0.009274,            0.009274
                  24,            0.020004,           0.0052278,            0.012036,             0.89835,             0.95339,             0.95962,             0.81104,           0.0072838,           0.0021135,           0.0043636,            0.009241,            0.009241,            0.009241
                  25,             0.01963,           0.0052257,            0.014177,             0.92793,             0.85574,             0.96286,             0.81829,           0.0071404,           0.0021383,           0.0032966,            0.009208,            0.009208,            0.009208
                  26,            0.020192,           0.0053071,            0.012351,             0.81893,             0.90734,             0.92284,             0.78243,           0.0067148,           0.0021443,           0.0051217,            0.009175,            0.009175,            0.009175
                  27,            0.018991,           0.0052619,            0.011387,             0.90952,             0.94165,              0.9617,             0.82962,           0.0073428,           0.0021651,           0.0028729,            0.009142,            0.009142,            0.009142
                  28,            0.019173,           0.0052774,            0.013194,             0.91654,             0.89128,             0.97259,             0.83361,           0.0070686,           0.0020702,           0.0043305,            0.009109,            0.009109,            0.009109
                  29,            0.018657,           0.0051333,             0.01281,             0.90808,             0.87263,             0.96136,             0.83518,           0.0071018,             0.00207,           0.0044258,            0.009076,            0.009076,            0.009076
                  30,            0.019011,           0.0052534,             0.01232,             0.95264,             0.89482,             0.97639,             0.84334,            0.006868,           0.0021097,           0.0029912,            0.009043,            0.009043,            0.009043
                  31,            0.018893,           0.0052437,            0.011966,             0.91429,             0.94131,             0.95904,             0.83098,           0.0072082,           0.0020935,           0.0024678,             0.00901,             0.00901,             0.00901
                  32,            0.018525,           0.0050358,            0.010738,             0.91614,             0.92638,             0.96844,             0.85068,           0.0066905,           0.0020824,           0.0040967,            0.008977,            0.008977,            0.008977
                  33,            0.018629,           0.0050937,            0.012062,             0.93535,             0.94938,             0.96809,             0.83299,           0.0066873,           0.0020373,           0.0025192,            0.008944,            0.008944,            0.008944
                  34,            0.017484,           0.0049597,            0.010931,             0.91057,             0.96116,              0.9508,             0.81433,           0.0070454,           0.0020933,           0.0023865,            0.008911,            0.008911,            0.008911
                  35,             0.01796,           0.0049785,             0.01043,             0.92717,             0.97305,             0.97066,             0.85275,             0.00683,           0.0018884,            0.002789,            0.008878,            0.008878,            0.008878
                  36,            0.017933,           0.0048766,           0.0094499,              0.9109,              0.9735,             0.97663,             0.85849,           0.0063415,           0.0019879,           0.0029242,            0.008845,            0.008845,            0.008845
                  37,            0.018131,           0.0049452,           0.0096118,             0.88025,             0.95898,             0.96495,             0.85103,           0.0062159,           0.0021136,           0.0032383,            0.008812,            0.008812,            0.008812
                  38,            0.017322,           0.0049938,            0.011289,             0.90206,             0.95127,             0.95036,             0.82742,           0.0061579,           0.0021088,           0.0027502,            0.008779,            0.008779,            0.008779
                  39,            0.017432,           0.0048376,           0.0096476,             0.89796,             0.96538,             0.97998,              0.8431,           0.0069799,            0.002115,           0.0024304,            0.008746,            0.008746,            0.008746
                  40,            0.017325,           0.0048912,            0.011828,             0.91639,             0.97141,             0.96828,             0.84912,           0.0062297,           0.0020104,           0.0025466,            0.008713,            0.008713,            0.008713
                  41,            0.018225,            0.005055,            0.011195,             0.91512,             0.92617,             0.96786,             0.84165,           0.0063896,           0.0019106,           0.0062487,             0.00868,             0.00868,             0.00868
                  42,            0.017111,           0.0048166,           0.0093552,             0.90934,             0.95928,             0.95108,             0.82437,            0.006752,           0.0022119,           0.0024887,            0.008647,            0.008647,            0.008647
                  43,            0.017896,           0.0048026,            0.010757,             0.92532,             0.94933,             0.96148,             0.84448,           0.0064215,           0.0019031,           0.0022333,            0.008614,            0.008614,            0.008614
                  44,            0.017429,           0.0048723,            0.010599,              0.9126,             0.94039,             0.98024,             0.85662,           0.0064184,           0.0021197,           0.0067153,            0.008581,            0.008581,            0.008581
                  45,            0.016902,            0.004894,           0.0095058,             0.88727,             0.97203,             0.96458,             0.84892,           0.0065895,           0.0019278,           0.0029137,            0.008548,            0.008548,            0.008548
                  46,            0.017517,           0.0048209,           0.0092799,             0.90721,             0.96149,             0.95118,             0.83746,           0.0058442,           0.0020209,           0.0024248,            0.008515,            0.008515,            0.008515
                  47,            0.016575,           0.0047365,           0.0098626,             0.88382,             0.96099,              0.9705,             0.83933,            0.006296,           0.0020071,           0.0035712,            0.008482,            0.008482,            0.008482
                  48,            0.017244,           0.0048184,           0.0093488,              0.9339,             0.93839,              0.9778,             0.86695,           0.0060244,           0.0018513,           0.0022661,            0.008449,            0.008449,            0.008449
                  49,            0.016859,           0.0047259,           0.0094924,             0.93296,             0.92282,             0.97749,             0.86022,           0.0062218,           0.0019461,           0.0036856,            0.008416,            0.008416,            0.008416
                  50,             0.01663,           0.0048038,           0.0093481,             0.93962,             0.95316,             0.97789,             0.85552,           0.0062615,           0.0019763,           0.0022355,            0.008383,            0.008383,            0.008383
                  51,            0.016588,            0.004802,            0.010539,              0.9006,             0.95624,              0.9765,             0.84918,           0.0060791,            0.001962,           0.0026287,             0.00835,             0.00835,             0.00835
                  52,            0.016696,           0.0048227,            0.010195,             0.89802,             0.94393,             0.97273,             0.86143,           0.0059223,           0.0020067,             0.00318,            0.008317,            0.008317,            0.008317
                  53,            0.016606,           0.0047607,            0.011569,             0.92562,             0.97063,             0.98234,             0.86396,           0.0061096,           0.0018459,           0.0029156,            0.008284,            0.008284,            0.008284
                  54,             0.01674,           0.0047615,           0.0086213,             0.94625,             0.97192,             0.97172,             0.84173,           0.0067399,           0.0019993,            0.001766,            0.008251,            0.008251,            0.008251
                  55,            0.016205,           0.0046776,           0.0090957,              0.9462,             0.96815,             0.97902,             0.86246,           0.0059065,            0.001925,           0.0020182,            0.008218,            0.008218,            0.008218
                  56,             0.01675,           0.0047726,           0.0092617,             0.95412,             0.96603,             0.98109,             0.84647,           0.0064664,           0.0019403,           0.0016732,            0.008185,            0.008185,            0.008185
                  57,            0.016493,           0.0047375,           0.0082465,             0.90994,              0.9292,             0.96245,             0.85467,           0.0057589,           0.0018468,           0.0024274,            0.008152,            0.008152,            0.008152
                  58,            0.016578,           0.0046332,            0.008509,             0.94734,             0.94917,             0.97702,             0.86213,           0.0059219,           0.0019963,           0.0020145,            0.008119,            0.008119,            0.008119
                  59,            0.016397,           0.0045887,           0.0074459,             0.91713,              0.9666,             0.95626,             0.84344,           0.0056289,           0.0019349,           0.0020073,            0.008086,            0.008086,            0.008086
                  60,            0.016183,           0.0047932,           0.0092625,             0.94592,             0.95713,             0.98023,             0.86623,           0.0057976,           0.0020408,           0.0016287,            0.008053,            0.008053,            0.008053
                  61,            0.015917,           0.0046916,           0.0081518,             0.88448,             0.97729,             0.97998,              0.8705,           0.0056244,           0.0018767,           0.0028243,             0.00802,             0.00802,             0.00802
                  62,            0.015875,           0.0045517,           0.0085948,             0.93682,             0.97096,             0.97522,             0.85573,           0.0059211,           0.0019553,           0.0017201,            0.007987,            0.007987,            0.007987
                  63,            0.015837,            0.004503,           0.0082589,             0.93333,             0.95103,             0.97809,             0.85839,           0.0054506,           0.0019241,           0.0019024,            0.007954,            0.007954,            0.007954
                  64,            0.016183,           0.0045264,           0.0080216,             0.87895,             0.95759,              0.9754,             0.86308,           0.0058706,           0.0019583,           0.0039894,            0.007921,            0.007921,            0.007921
                  65,              0.0157,           0.0044724,           0.0081572,             0.94314,              0.9284,             0.97126,              0.8526,           0.0055978,            0.001883,           0.0022837,            0.007888,            0.007888,            0.007888
                  66,            0.016192,           0.0046651,            0.009277,             0.91977,             0.96354,             0.97701,             0.87138,           0.0056349,           0.0019188,           0.0020099,            0.007855,            0.007855,            0.007855
                  67,             0.01597,           0.0045277,           0.0079793,             0.91696,             0.95786,             0.96046,             0.84349,           0.0059099,              0.0019,           0.0021363,            0.007822,            0.007822,            0.007822
                  68,            0.015396,           0.0046564,           0.0084973,             0.94423,             0.94429,              0.9814,             0.86905,           0.0056225,           0.0018916,           0.0018799,            0.007789,            0.007789,            0.007789
                  69,            0.015464,           0.0045037,           0.0070899,             0.93353,              0.9634,             0.96626,             0.85562,           0.0057884,           0.0018797,           0.0016388,            0.007756,            0.007756,            0.007756
                  70,            0.015409,           0.0045746,           0.0084584,             0.94718,             0.96251,              0.9812,             0.87286,           0.0054901,           0.0017942,           0.0016747,            0.007723,            0.007723,            0.007723
                  71,            0.016068,           0.0044664,           0.0080768,             0.92114,             0.96923,             0.98218,             0.86706,            0.005641,           0.0019242,           0.0020332,             0.00769,             0.00769,             0.00769
                  72,            0.015179,           0.0044045,           0.0086699,             0.91629,             0.95903,             0.96959,             0.86713,           0.0056689,           0.0018146,           0.0020015,            0.007657,            0.007657,            0.007657
                  73,            0.015379,           0.0044046,            0.007671,             0.92774,             0.93724,              0.9697,              0.8579,           0.0056941,           0.0018646,           0.0023228,            0.007624,            0.007624,            0.007624
                  74,             0.01532,           0.0044071,            0.007025,             0.93108,             0.95643,             0.97121,             0.87003,           0.0054815,            0.001873,            0.001993,            0.007591,            0.007591,            0.007591
                  75,            0.015037,           0.0043581,           0.0073215,              0.9437,             0.96797,             0.96872,             0.86826,           0.0058785,           0.0018008,            0.001793,            0.007558,            0.007558,            0.007558
                  76,            0.015229,           0.0045614,           0.0076862,             0.93541,             0.96645,             0.97341,             0.86634,           0.0056703,             0.00185,           0.0017106,            0.007525,            0.007525,            0.007525
                  77,            0.015429,            0.004425,           0.0079902,             0.91775,             0.95938,              0.9829,             0.86366,           0.0059796,             0.00186,           0.0021111,            0.007492,            0.007492,            0.007492
                  78,            0.015132,           0.0043803,            0.006717,             0.93988,             0.96795,             0.97748,             0.86211,           0.0059204,           0.0019298,           0.0015947,            0.007459,            0.007459,            0.007459
                  79,            0.015047,           0.0044348,           0.0075936,             0.93727,             0.97581,              0.9766,             0.87234,           0.0058789,           0.0019071,           0.0016596,            0.007426,            0.007426,            0.007426
                  80,            0.015698,            0.004387,           0.0064885,             0.93559,             0.95605,             0.98079,              0.8822,           0.0056303,           0.0018628,           0.0015641,            0.007393,            0.007393,            0.007393
                  81,            0.014986,           0.0042674,           0.0073114,             0.94378,             0.95514,             0.97855,             0.87038,           0.0057938,           0.0018904,           0.0019991,             0.00736,             0.00736,             0.00736
                  82,            0.015348,           0.0044287,           0.0082194,             0.92333,             0.98162,             0.96954,              0.8604,           0.0058348,           0.0018897,           0.0020097,            0.007327,            0.007327,            0.007327
                  83,            0.015062,           0.0042488,           0.0071556,             0.93815,             0.97344,             0.98053,             0.86867,           0.0056143,           0.0018242,           0.0014624,            0.007294,            0.007294,            0.007294
                  84,            0.014542,           0.0041952,           0.0070028,             0.93201,             0.97822,             0.97569,             0.86913,           0.0056804,            0.001802,           0.0019368,            0.007261,            0.007261,            0.007261
                  85,            0.014953,           0.0042953,           0.0073773,             0.95144,             0.96947,             0.98192,             0.87661,           0.0055483,            0.001886,            0.001524,            0.007228,            0.007228,            0.007228
                  86,            0.014744,           0.0043717,           0.0078124,             0.93747,             0.97406,             0.97055,             0.86486,           0.0052442,           0.0018075,           0.0016089,            0.007195,            0.007195,            0.007195
                  87,            0.015087,           0.0043335,           0.0062164,              0.9374,             0.96923,              0.9797,             0.87647,            0.005139,           0.0018038,           0.0016641,            0.007162,            0.007162,            0.007162
                  88,            0.014522,           0.0042823,           0.0068687,             0.91868,             0.97852,             0.96902,             0.86099,           0.0052906,           0.0018206,            0.001952,            0.007129,            0.007129,            0.007129
                  89,             0.01516,           0.0042929,           0.0061964,             0.95119,             0.96904,             0.97613,             0.86672,           0.0056381,           0.0018108,           0.0014199,            0.007096,            0.007096,            0.007096
                  90,             0.01531,           0.0042771,           0.0063408,             0.92923,             0.97574,             0.96599,             0.86493,             0.00541,           0.0018404,           0.0016941,            0.007063,            0.007063,            0.007063
                  91,            0.014804,           0.0043275,           0.0064288,             0.94072,              0.9751,             0.97303,             0.86906,           0.0056438,           0.0017377,           0.0016523,             0.00703,             0.00703,             0.00703
                  92,            0.014416,           0.0042312,           0.0063368,             0.93678,             0.98198,             0.97533,             0.87497,           0.0054276,            0.001732,           0.0020253,            0.006997,            0.006997,            0.006997
                  93,            0.014346,           0.0042816,           0.0057373,             0.95469,             0.96341,             0.98369,             0.87992,           0.0050792,           0.0017702,           0.0015196,            0.006964,            0.006964,            0.006964
                  94,            0.014492,           0.0042722,           0.0060314,             0.92957,             0.97872,             0.96865,             0.86683,           0.0053832,           0.0018522,           0.0019282,            0.006931,            0.006931,            0.006931
                  95,            0.014562,           0.0042933,           0.0060848,             0.94323,             0.96324,             0.97938,             0.87241,           0.0056881,           0.0017876,           0.0016294,            0.006898,            0.006898,            0.006898
                  96,            0.014491,           0.0042357,           0.0071287,              0.9426,             0.97147,              0.9779,             0.86998,           0.0053589,           0.0019294,           0.0019452,            0.006865,            0.006865,            0.006865
                  97,            0.014127,           0.0041464,           0.0076288,             0.94469,              0.9694,             0.98201,             0.87677,           0.0051983,           0.0018046,           0.0018517,            0.006832,            0.006832,            0.006832
                  98,            0.014399,           0.0040893,           0.0068651,             0.92997,             0.98062,             0.98252,             0.88363,           0.0053884,           0.0017678,           0.0014536,            0.006799,            0.006799,            0.006799
                  99,            0.014848,           0.0043197,           0.0070832,               0.948,             0.96299,             0.98284,             0.87574,           0.0053462,            0.001803,           0.0016101,            0.006766,            0.006766,            0.006766
                 100,            0.014404,           0.0044203,           0.0066224,             0.94226,             0.96763,             0.98156,             0.87525,           0.0054591,           0.0018158,            0.001573,            0.006733,            0.006733,            0.006733
                 101,            0.014418,           0.0043065,           0.0078455,              0.9462,             0.96854,             0.97742,             0.87225,           0.0054044,           0.0017968,           0.0016498,              0.0067,              0.0067,              0.0067
                 102,             0.01456,           0.0043073,           0.0067945,             0.89825,             0.97529,             0.96714,             0.86181,           0.0055456,           0.0018748,           0.0018064,            0.006667,            0.006667,            0.006667
                 103,            0.014653,           0.0042871,           0.0071177,             0.94525,             0.95752,             0.97383,             0.86674,           0.0053811,           0.0017907,           0.0018377,            0.006634,            0.006634,            0.006634
                 104,            0.014558,            0.004312,           0.0059694,             0.91307,             0.98064,             0.98091,             0.87701,           0.0055995,           0.0018358,           0.0017632,            0.006601,            0.006601,            0.006601
                 105,            0.014369,           0.0042763,           0.0058325,             0.93012,             0.98251,             0.97675,             0.87701,           0.0053703,           0.0018536,           0.0017165,            0.006568,            0.006568,            0.006568
                 106,            0.014289,           0.0042318,           0.0073048,              0.9285,             0.95948,             0.97154,             0.86974,           0.0054038,           0.0018924,           0.0016895,            0.006535,            0.006535,            0.006535
                 107,            0.014112,           0.0042097,           0.0070706,             0.92803,             0.96621,             0.97582,             0.87737,           0.0054508,           0.0018621,           0.0014093,            0.006502,            0.006502,            0.006502
                 108,            0.014211,           0.0044129,           0.0067927,             0.93568,              0.9796,             0.97852,             0.86748,           0.0053717,           0.0017767,           0.0015394,            0.006469,            0.006469,            0.006469
                 109,            0.014205,           0.0041245,           0.0059261,             0.93949,             0.97843,             0.98147,             0.87887,           0.0052704,           0.0017622,           0.0014672,            0.006436,            0.006436,            0.006436
                 110,            0.013971,            0.004115,           0.0063286,             0.95295,             0.95497,              0.9807,             0.87703,           0.0053062,           0.0018567,           0.0015818,            0.006403,            0.006403,            0.006403
                 111,            0.014445,           0.0041989,           0.0060945,             0.94926,             0.94231,             0.98293,             0.87906,           0.0052738,           0.0018117,           0.0016242,             0.00637,             0.00637,             0.00637
                 112,            0.014167,           0.0043679,           0.0066038,             0.93488,             0.97983,             0.97556,              0.8682,           0.0052104,           0.0017794,           0.0013965,            0.006337,            0.006337,            0.006337
                 113,             0.01421,           0.0041778,           0.0058608,             0.94655,             0.96078,              0.9801,             0.88464,            0.005087,           0.0017345,           0.0014147,            0.006304,            0.006304,            0.006304
                 114,            0.014115,           0.0040739,           0.0062446,             0.96125,              0.9457,             0.98437,             0.88067,           0.0050474,           0.0018722,           0.0014248,            0.006271,            0.006271,            0.006271
                 115,            0.014084,           0.0042811,           0.0060854,             0.94395,             0.97124,             0.98052,             0.87515,           0.0051401,           0.0017281,           0.0013839,            0.006238,            0.006238,            0.006238
                 116,            0.014125,           0.0042749,            0.007009,             0.92694,             0.98092,             0.96974,              0.8666,           0.0050381,           0.0017527,           0.0014057,            0.006205,            0.006205,            0.006205
                 117,            0.014057,           0.0042884,           0.0059379,             0.93865,             0.95014,             0.97505,             0.87095,           0.0052917,           0.0017757,           0.0017086,            0.006172,            0.006172,            0.006172
                 118,            0.013769,           0.0041145,            0.006019,             0.94373,             0.96731,             0.97708,              0.8745,           0.0050223,           0.0017912,           0.0015851,            0.006139,            0.006139,            0.006139
                 119,            0.014194,           0.0041999,           0.0064667,              0.9289,             0.97508,             0.97493,             0.86444,           0.0052003,           0.0017369,           0.0016784,            0.006106,            0.006106,            0.006106
                 120,            0.014217,           0.0042076,           0.0063161,             0.94764,              0.9655,              0.9707,               0.862,            0.005312,           0.0017982,           0.0015677,            0.006073,            0.006073,            0.006073
                 121,            0.014187,           0.0041962,           0.0063563,             0.94333,             0.96351,             0.97944,              0.8787,           0.0056123,            0.001779,           0.0013544,             0.00604,             0.00604,             0.00604
                 122,             0.01381,           0.0041016,           0.0052512,              0.9427,             0.96236,             0.98422,             0.87822,           0.0052971,           0.0017252,           0.0014514,            0.006007,            0.006007,            0.006007
                 123,            0.014128,           0.0041742,           0.0059166,              0.9457,             0.97629,             0.97887,             0.88129,           0.0052443,           0.0016978,           0.0014949,            0.005974,            0.005974,            0.005974
                 124,            0.013936,           0.0040712,           0.0056893,             0.94872,             0.96764,             0.97975,             0.87687,           0.0052185,             0.00173,           0.0015388,            0.005941,            0.005941,            0.005941
                 125,            0.013816,           0.0042346,           0.0061244,             0.93595,              0.9745,             0.98327,             0.87446,           0.0052629,           0.0017437,           0.0017195,            0.005908,            0.005908,            0.005908
                 126,             0.01347,           0.0042102,           0.0058411,             0.94464,             0.98413,              0.9857,             0.88978,            0.005356,            0.001769,           0.0012772,            0.005875,            0.005875,            0.005875
                 127,             0.01353,           0.0041041,           0.0056282,             0.94534,             0.98272,             0.98147,             0.87542,            0.005496,           0.0017718,            0.001426,            0.005842,            0.005842,            0.005842
                 128,            0.014209,           0.0042162,            0.006199,             0.93649,             0.96354,             0.97157,             0.86854,           0.0053499,            0.001738,           0.0018759,            0.005809,            0.005809,            0.005809
                 129,            0.013559,           0.0040856,            0.005416,             0.96266,             0.96285,             0.98707,             0.89089,           0.0051704,            0.001736,           0.0012115,            0.005776,            0.005776,            0.005776
                 130,             0.01344,           0.0040398,           0.0054029,             0.94073,             0.97002,             0.97837,             0.88006,           0.0053126,           0.0017338,           0.0016345,            0.005743,            0.005743,            0.005743
                 131,            0.013504,           0.0041015,           0.0051228,             0.95256,             0.97147,             0.97504,             0.87606,           0.0053921,           0.0017595,           0.0016152,             0.00571,             0.00571,             0.00571
                 132,            0.013187,           0.0041289,           0.0048832,             0.94823,             0.98019,             0.97387,              0.8716,            0.005288,           0.0017043,           0.0014133,            0.005677,            0.005677,            0.005677
                 133,            0.013559,           0.0040337,           0.0058139,             0.94974,             0.97512,             0.98559,             0.88014,           0.0053641,           0.0017217,           0.0012636,            0.005644,            0.005644,            0.005644
                 134,            0.013634,           0.0040665,           0.0052406,             0.94038,             0.96485,             0.98111,             0.88292,             0.00537,            0.001801,           0.0024041,            0.005611,            0.005611,            0.005611
                 135,            0.013292,           0.0040578,           0.0052617,             0.94734,             0.96604,             0.98332,             0.88854,           0.0051949,           0.0017033,           0.0015593,            0.005578,            0.005578,            0.005578
                 136,            0.013272,           0.0040746,           0.0058771,             0.94062,              0.9748,             0.98602,             0.88195,            0.005137,           0.0018083,           0.0011199,            0.005545,            0.005545,            0.005545
                 137,             0.01384,           0.0041704,           0.0057336,             0.94884,             0.97466,             0.98723,             0.88561,           0.0052268,           0.0017052,           0.0015177,            0.005512,            0.005512,            0.005512
                 138,            0.013832,           0.0039844,           0.0063323,             0.93775,             0.97395,             0.97683,             0.87893,             0.00523,           0.0017302,           0.0013563,            0.005479,            0.005479,            0.005479
                 139,            0.013623,           0.0041695,           0.0062111,             0.96908,             0.93853,             0.98434,             0.87537,           0.0052106,           0.0017361,            0.001279,            0.005446,            0.005446,            0.005446
                 140,            0.013455,           0.0039965,           0.0070904,             0.94878,             0.97733,             0.98383,             0.88571,           0.0051356,           0.0017647,              0.0013,            0.005413,            0.005413,            0.005413
                 141,            0.013688,           0.0042233,           0.0046363,             0.94843,             0.97047,             0.98141,             0.88465,           0.0049763,           0.0016902,           0.0012497,             0.00538,             0.00538,             0.00538
                 142,            0.013326,           0.0041317,           0.0049706,              0.9497,             0.96923,             0.98224,              0.8827,              0.0052,           0.0017262,           0.0013476,            0.005347,            0.005347,            0.005347
                 143,            0.013085,           0.0040574,           0.0056075,             0.95376,             0.95081,             0.98131,              0.8805,           0.0049792,           0.0016603,            0.001721,            0.005314,            0.005314,            0.005314
                 144,            0.013275,            0.004051,           0.0048629,             0.95609,              0.9687,              0.9819,             0.88693,            0.004883,           0.0017091,           0.0013656,            0.005281,            0.005281,            0.005281
                 145,            0.013706,           0.0038984,           0.0042816,             0.95077,              0.9665,             0.98442,             0.87918,           0.0050396,           0.0017665,           0.0013697,            0.005248,            0.005248,            0.005248
                 146,            0.013124,           0.0039317,            0.005303,             0.91888,              0.9862,             0.98071,             0.88808,           0.0050356,           0.0017578,           0.0012445,            0.005215,            0.005215,            0.005215
                 147,            0.013309,           0.0040386,             0.00494,             0.96084,             0.94298,             0.98244,              0.8838,           0.0051845,           0.0017243,            0.001193,            0.005182,            0.005182,            0.005182
                 148,            0.013346,           0.0040104,           0.0046918,             0.95297,             0.96321,             0.98483,             0.89225,           0.0049521,           0.0017374,           0.0013453,            0.005149,            0.005149,            0.005149
                 149,            0.013617,           0.0040031,           0.0045381,             0.95041,              0.9639,             0.98404,             0.88954,           0.0048991,            0.001703,           0.0013322,            0.005116,            0.005116,            0.005116
                 150,            0.013325,           0.0038947,           0.0056872,              0.9472,             0.97229,             0.98063,             0.88843,           0.0048491,           0.0016708,           0.0011895,            0.005083,            0.005083,            0.005083
                 151,            0.013228,           0.0041119,           0.0062566,             0.94241,             0.97378,             0.97964,             0.88515,           0.0048898,           0.0017082,           0.0015723,             0.00505,             0.00505,             0.00505
                 152,             0.01321,           0.0041305,           0.0051488,             0.94956,             0.95831,             0.97898,             0.88083,           0.0048921,           0.0017162,           0.0014296,            0.005017,            0.005017,            0.005017
                 153,            0.013259,           0.0040429,           0.0048344,             0.94183,             0.97748,             0.97724,             0.87614,           0.0049688,           0.0017871,           0.0015329,            0.004984,            0.004984,            0.004984
                 154,            0.012915,           0.0040199,           0.0061176,             0.94053,             0.97239,             0.97948,             0.88224,           0.0051572,           0.0017523,           0.0013006,            0.004951,            0.004951,            0.004951
                 155,            0.012905,           0.0039636,            0.005338,             0.93474,             0.97186,              0.9791,             0.88072,           0.0051217,           0.0016789,           0.0012695,            0.004918,            0.004918,            0.004918
                 156,            0.013299,           0.0040591,           0.0046672,             0.94339,             0.97873,              0.9832,             0.88412,           0.0050031,           0.0017228,           0.0011728,            0.004885,            0.004885,            0.004885
                 157,             0.01319,           0.0040166,           0.0041426,             0.95221,             0.97349,             0.98407,             0.88692,           0.0048192,           0.0016573,           0.0015165,            0.004852,            0.004852,            0.004852
                 158,            0.013414,           0.0040937,           0.0051473,             0.93821,             0.98047,             0.97691,             0.88722,           0.0049546,           0.0016837,           0.0014938,            0.004819,            0.004819,            0.004819
                 159,            0.012568,             0.00407,           0.0044664,             0.94132,             0.98272,             0.98008,             0.88511,           0.0047957,           0.0016834,           0.0015602,            0.004786,            0.004786,            0.004786
                 160,             0.01294,           0.0038227,           0.0046297,             0.94182,             0.98653,             0.98545,             0.88601,           0.0050055,           0.0016782,           0.0010671,            0.004753,            0.004753,            0.004753
                 161,             0.01275,           0.0039198,           0.0060563,             0.94033,             0.97776,             0.98106,             0.88527,           0.0050664,           0.0017333,           0.0037694,             0.00472,             0.00472,             0.00472
                 162,             0.01288,           0.0039466,           0.0052884,              0.9544,             0.97151,              0.9831,             0.88528,           0.0050902,           0.0016956,           0.0022103,            0.004687,            0.004687,            0.004687
                 163,            0.013213,           0.0040194,           0.0050688,             0.95409,             0.97834,             0.98349,             0.88521,           0.0050127,           0.0016381,           0.0010796,            0.004654,            0.004654,            0.004654
                 164,            0.013032,           0.0040126,           0.0051159,             0.94321,             0.98121,             0.97857,             0.88444,            0.005092,           0.0016592,           0.0018129,            0.004621,            0.004621,            0.004621
                 165,            0.013027,           0.0039767,           0.0053538,             0.95646,             0.97127,             0.98444,             0.88558,           0.0050321,           0.0016844,            0.001331,            0.004588,            0.004588,            0.004588
                 166,            0.013105,           0.0039216,           0.0052681,             0.95599,             0.96843,             0.98375,             0.89026,            0.004938,           0.0016543,           0.0011237,            0.004555,            0.004555,            0.004555
                 167,            0.012872,           0.0039512,           0.0057788,             0.94156,               0.987,             0.97681,             0.88223,           0.0049625,           0.0016888,           0.0011755,            0.004522,            0.004522,            0.004522
                 168,            0.012849,           0.0040173,           0.0047688,             0.95416,             0.97308,             0.98499,             0.88968,           0.0049284,           0.0016511,          0.00086292,            0.004489,            0.004489,            0.004489
                 169,            0.012795,           0.0039447,           0.0043398,             0.94132,             0.98302,             0.98225,             0.88776,           0.0049151,           0.0017194,           0.0011677,            0.004456,            0.004456,            0.004456
                 170,            0.013037,           0.0039513,           0.0050188,             0.95079,             0.97262,             0.98256,             0.88503,           0.0049821,           0.0016875,           0.0013098,            0.004423,            0.004423,            0.004423
                 171,            0.012511,           0.0040469,           0.0045934,             0.92625,             0.97663,             0.97694,             0.88165,           0.0049114,           0.0016704,           0.0014701,             0.00439,             0.00439,             0.00439
                 172,            0.012764,           0.0038773,           0.0043395,             0.93763,             0.97836,             0.97579,             0.87819,           0.0050106,           0.0017044,           0.0011624,            0.004357,            0.004357,            0.004357
                 173,            0.012804,           0.0041514,           0.0052284,             0.95442,             0.97147,             0.98253,             0.89195,           0.0048614,            0.001697,          0.00097957,            0.004324,            0.004324,            0.004324
                 174,            0.012985,           0.0039124,           0.0053544,             0.94117,             0.98595,             0.97971,             0.88241,           0.0050012,           0.0016827,           0.0012361,            0.004291,            0.004291,            0.004291
                 175,            0.012741,           0.0038747,           0.0047926,             0.95376,             0.97057,             0.98487,             0.89039,           0.0050835,           0.0016766,           0.0010427,            0.004258,            0.004258,            0.004258
                 176,            0.012741,           0.0037909,           0.0048149,             0.94921,             0.97301,             0.98265,             0.88872,           0.0052075,           0.0017139,           0.0011289,            0.004225,            0.004225,            0.004225
                 177,            0.013101,           0.0040292,           0.0050581,             0.94622,             0.97414,             0.98698,              0.8953,           0.0048962,           0.0016393,           0.0011649,            0.004192,            0.004192,            0.004192
                 178,            0.012797,           0.0038656,           0.0052547,             0.94666,             0.97255,             0.98742,             0.89277,           0.0048749,           0.0016471,           0.0013383,            0.004159,            0.004159,            0.004159
                 179,            0.012874,           0.0040578,            0.005252,             0.95333,             0.97912,             0.98468,             0.88718,           0.0049916,            0.001604,           0.0011534,            0.004126,            0.004126,            0.004126
                 180,            0.012537,           0.0039022,           0.0049696,             0.94974,             0.96367,             0.98466,             0.88961,           0.0049731,           0.0016238,           0.0012753,            0.004093,            0.004093,            0.004093
                 181,            0.012844,           0.0038918,           0.0046484,             0.95156,             0.96722,             0.98188,             0.88802,           0.0049417,           0.0016533,           0.0012825,             0.00406,             0.00406,             0.00406
                 182,             0.01294,           0.0040238,           0.0049002,             0.95364,             0.97394,             0.98139,             0.88689,           0.0049179,           0.0016392,           0.0011475,            0.004027,            0.004027,            0.004027
                 183,            0.012903,           0.0039297,           0.0042579,             0.94844,             0.96811,             0.98189,             0.88671,           0.0050974,           0.0016597,           0.0012265,            0.003994,            0.003994,            0.003994
                 184,            0.012678,           0.0038057,           0.0053106,             0.94674,              0.9728,              0.9805,             0.88717,           0.0049228,           0.0017052,           0.0010773,            0.003961,            0.003961,            0.003961
                 185,            0.012534,           0.0038171,           0.0046033,             0.94704,              0.9746,             0.98469,             0.88458,           0.0049197,           0.0017178,           0.0010014,            0.003928,            0.003928,            0.003928
                 186,            0.012357,           0.0038954,           0.0046454,             0.92183,             0.98186,             0.97344,             0.87636,           0.0049495,           0.0018009,           0.0011857,            0.003895,            0.003895,            0.003895
                 187,             0.01241,           0.0039271,           0.0037755,             0.92213,             0.98002,             0.97524,             0.87883,           0.0049029,           0.0016717,           0.0014413,            0.003862,            0.003862,            0.003862
                 188,            0.012408,           0.0039356,           0.0049746,             0.92963,             0.97373,             0.97621,             0.88186,           0.0048586,           0.0016568,           0.0013256,            0.003829,            0.003829,            0.003829
                 189,            0.012387,           0.0039607,           0.0046933,             0.94284,             0.97147,             0.98011,              0.8828,           0.0048795,           0.0016703,           0.0014153,            0.003796,            0.003796,            0.003796
                 190,            0.012549,           0.0039553,           0.0041696,             0.94351,             0.96926,              0.9841,             0.88736,           0.0048899,           0.0016969,           0.0012158,            0.003763,            0.003763,            0.003763
                 191,            0.012107,           0.0037421,           0.0042487,             0.94308,               0.971,             0.98454,             0.88608,           0.0048867,           0.0016799,           0.0011672,             0.00373,             0.00373,             0.00373
                 192,            0.012253,           0.0039863,           0.0051612,             0.93747,              0.9783,             0.98124,              0.8934,           0.0049612,           0.0016991,           0.0011436,            0.003697,            0.003697,            0.003697
                 193,            0.012512,           0.0038745,           0.0048386,             0.94684,             0.97308,             0.98311,              0.8895,           0.0048475,           0.0016683,            0.001194,            0.003664,            0.003664,            0.003664
                 194,            0.012407,           0.0038046,           0.0047929,             0.93173,             0.98205,             0.98042,             0.88079,           0.0048392,           0.0016655,           0.0012237,            0.003631,            0.003631,            0.003631
                 195,            0.012491,           0.0038537,           0.0042143,             0.94924,              0.9728,             0.98191,             0.88618,           0.0048244,           0.0016435,           0.0012241,            0.003598,            0.003598,            0.003598
                 196,            0.012354,           0.0038227,           0.0044423,             0.95132,             0.96814,             0.98372,             0.89189,           0.0048587,           0.0016762,           0.0012664,            0.003565,            0.003565,            0.003565
                 197,            0.012259,           0.0040373,           0.0037995,             0.94548,             0.97186,             0.98377,             0.88593,           0.0048976,           0.0016596,           0.0012196,            0.003532,            0.003532,            0.003532
                 198,            0.012818,           0.0040545,           0.0041478,             0.93373,              0.9856,             0.98303,             0.88658,           0.0049931,           0.0016686,           0.0011235,            0.003499,            0.003499,            0.003499
                 199,            0.012363,           0.0039563,           0.0044609,             0.94578,             0.96289,             0.98302,             0.89149,           0.0049109,           0.0016647,           0.0013463,            0.003466,            0.003466,            0.003466
                 200,             0.01243,           0.0038149,           0.0041199,             0.94386,             0.96206,             0.98331,             0.88954,           0.0049481,            0.001625,           0.0013934,            0.003433,            0.003433,            0.003433
                 201,            0.012501,           0.0038086,           0.0040086,             0.94998,             0.96487,             0.98335,              0.8888,           0.0048755,           0.0016671,           0.0011198,              0.0034,              0.0034,              0.0034
                 202,            0.012528,           0.0038732,           0.0040727,             0.95092,             0.96548,             0.98001,             0.88552,           0.0048903,           0.0016665,           0.0012831,            0.003367,            0.003367,            0.003367
                 203,            0.012084,           0.0039168,           0.0044655,             0.95051,             0.96548,             0.98423,             0.89105,           0.0048296,           0.0016475,           0.0011181,            0.003334,            0.003334,            0.003334
                 204,             0.01219,           0.0037194,            0.004109,              0.9506,             0.96784,             0.98426,             0.89148,           0.0048065,           0.0016421,           0.0010543,            0.003301,            0.003301,            0.003301
                 205,            0.012217,           0.0038143,           0.0036502,             0.95267,             0.96141,             0.98388,              0.8861,           0.0049253,           0.0016656,           0.0011475,            0.003268,            0.003268,            0.003268
                 206,            0.012605,           0.0039051,           0.0036559,             0.94949,             0.96548,             0.98223,             0.88824,           0.0048917,           0.0016387,            0.001301,            0.003235,            0.003235,            0.003235
                 207,            0.012096,            0.003736,            0.004354,              0.9469,             0.96285,             0.98148,              0.8917,           0.0047657,           0.0016443,           0.0014037,            0.003202,            0.003202,            0.003202
                 208,            0.012184,           0.0038191,           0.0040723,             0.94343,             0.96285,             0.97675,             0.88229,           0.0048102,           0.0016591,           0.0013563,            0.003169,            0.003169,            0.003169
                 209,            0.012175,           0.0037833,            0.004356,             0.95113,             0.96365,              0.9771,             0.88298,           0.0049027,           0.0016729,           0.0012639,            0.003136,            0.003136,            0.003136
                 210,            0.012119,            0.003794,           0.0044699,             0.94485,             0.96317,             0.98093,             0.88178,           0.0048506,           0.0017033,            0.001186,            0.003103,            0.003103,            0.003103
                 211,            0.011939,           0.0037247,           0.0045621,             0.94801,             0.96285,             0.98186,             0.88566,           0.0048502,           0.0017123,           0.0012636,             0.00307,             0.00307,             0.00307
                 212,            0.012049,           0.0036558,           0.0038169,             0.94651,             0.96285,             0.98277,              0.8908,           0.0047452,           0.0016924,            0.001459,            0.003037,            0.003037,            0.003037
                 213,            0.012453,           0.0038187,           0.0043409,             0.94983,             0.96285,             0.98114,             0.88958,           0.0047702,           0.0016552,           0.0012714,            0.003004,            0.003004,            0.003004
                 214,            0.011955,            0.003785,           0.0037876,             0.95143,             0.96134,             0.97759,             0.88936,             0.00487,           0.0016792,            0.001359,            0.002971,            0.002971,            0.002971
                 215,            0.012085,           0.0037821,           0.0035267,             0.93737,             0.96781,             0.98045,             0.88712,           0.0048888,           0.0016946,           0.0012868,            0.002938,            0.002938,            0.002938
                 216,            0.011924,           0.0037456,           0.0041206,             0.94637,             0.96285,             0.98161,             0.88608,           0.0048052,           0.0016508,           0.0011935,            0.002905,            0.002905,            0.002905
                 217,            0.011965,           0.0036679,           0.0033071,             0.94859,             0.96461,             0.98279,             0.89015,           0.0047255,           0.0016597,           0.0010978,            0.002872,            0.002872,            0.002872
                 218,            0.011954,           0.0036654,           0.0038279,             0.94504,              0.9624,             0.98203,             0.89268,           0.0047624,           0.0016977,           0.0011444,            0.002839,            0.002839,            0.002839
                 219,            0.012123,           0.0037008,           0.0041105,             0.94599,             0.96377,             0.97985,             0.88551,           0.0047943,           0.0016786,           0.0011831,            0.002806,            0.002806,            0.002806
                 220,            0.012244,           0.0036888,           0.0044526,             0.95237,             0.96263,             0.98145,             0.88374,           0.0048812,           0.0016928,           0.0011042,            0.002773,            0.002773,            0.002773
                 221,            0.012203,           0.0039122,           0.0042051,             0.93773,              0.9728,             0.97941,             0.88762,           0.0049062,           0.0016608,           0.0011234,             0.00274,             0.00274,             0.00274
                 222,            0.012261,           0.0037664,           0.0037471,             0.94591,             0.97474,             0.97895,             0.88812,           0.0049453,           0.0016898,          0.00099522,            0.002707,            0.002707,            0.002707
                 223,            0.011708,           0.0038507,           0.0048545,              0.9429,             0.97237,              0.9808,             0.88671,           0.0049716,           0.0017171,            0.001097,            0.002674,            0.002674,            0.002674
                 224,             0.01203,           0.0036762,           0.0041331,             0.93583,             0.98151,             0.98135,             0.88443,           0.0048992,           0.0017366,           0.0010994,            0.002641,            0.002641,            0.002641
                 225,            0.011549,           0.0037348,            0.004642,             0.94153,             0.98666,             0.98081,             0.89166,           0.0049199,           0.0016942,           0.0010375,            0.002608,            0.002608,            0.002608
                 226,            0.011662,           0.0037877,           0.0041232,             0.95118,             0.96285,             0.98046,             0.88215,           0.0049716,           0.0016788,           0.0010673,            0.002575,            0.002575,            0.002575
                 227,            0.011658,           0.0037494,           0.0044984,             0.94164,             0.97599,             0.98116,               0.884,           0.0048356,           0.0016888,          0.00097216,            0.002542,            0.002542,            0.002542
                 228,            0.011737,           0.0036986,            0.004252,             0.94663,             0.96548,             0.98083,             0.88812,           0.0048144,           0.0016985,            0.001124,            0.002509,            0.002509,            0.002509
                 229,            0.011898,           0.0037321,           0.0038562,             0.93905,             0.96285,             0.98196,             0.88544,           0.0047964,           0.0017042,           0.0011021,            0.002476,            0.002476,            0.002476
                 230,            0.011648,           0.0037184,           0.0044914,             0.93881,             0.96575,             0.98147,               0.886,           0.0047523,           0.0016551,            0.001146,            0.002443,            0.002443,            0.002443
                 231,            0.011605,           0.0036013,           0.0039352,             0.94344,             0.96317,             0.98163,              0.8868,           0.0047638,           0.0016523,           0.0011376,             0.00241,             0.00241,             0.00241
                 232,            0.011658,           0.0036468,           0.0030827,             0.94347,             0.96517,             0.97829,             0.88628,            0.004819,           0.0016403,           0.0012646,            0.002377,            0.002377,            0.002377
                 233,            0.012041,            0.003648,           0.0038016,             0.94423,             0.96543,             0.97848,             0.89249,           0.0047492,           0.0016278,           0.0012969,            0.002344,            0.002344,            0.002344
                 234,            0.011818,           0.0036704,           0.0043819,             0.94709,             0.96342,             0.97819,             0.88634,           0.0047763,           0.0016207,           0.0012755,            0.002311,            0.002311,            0.002311
                 235,            0.011613,           0.0037078,           0.0031871,             0.94846,             0.96377,             0.97853,             0.88536,           0.0048284,           0.0016114,           0.0015961,            0.002278,            0.002278,            0.002278
                 236,            0.011318,           0.0036917,           0.0032184,             0.94331,             0.96285,             0.97754,             0.88561,           0.0048699,           0.0016318,            0.001471,            0.002245,            0.002245,            0.002245
                 237,            0.011797,           0.0036259,            0.004191,             0.94196,             0.96462,             0.97854,             0.88384,           0.0048343,           0.0016284,           0.0013522,            0.002212,            0.002212,            0.002212
                 238,            0.011472,           0.0036054,           0.0038887,             0.94436,             0.97147,             0.97763,             0.88531,           0.0048215,           0.0016355,           0.0014291,            0.002179,            0.002179,            0.002179
                 239,            0.011787,           0.0036699,           0.0040943,             0.94114,             0.96279,             0.97697,             0.88664,           0.0048533,           0.0016532,           0.0015108,            0.002146,            0.002146,            0.002146
                 240,            0.011404,           0.0037864,           0.0031105,             0.94822,             0.96365,             0.97806,             0.88167,           0.0048058,           0.0016555,           0.0012505,            0.002113,            0.002113,            0.002113
                 241,            0.011858,            0.003632,            0.003486,             0.94446,             0.96311,             0.97758,              0.8831,           0.0047908,           0.0016529,           0.0010775,             0.00208,             0.00208,             0.00208
                 242,            0.011556,           0.0037278,           0.0037498,             0.94138,              0.9785,             0.97586,             0.88363,           0.0047979,           0.0016543,           0.0010622,            0.002047,            0.002047,            0.002047
                 243,            0.011531,           0.0037883,           0.0044734,             0.94657,             0.97196,             0.97628,             0.88388,           0.0048172,           0.0016391,           0.0011646,            0.002014,            0.002014,            0.002014
                 244,            0.011364,           0.0036863,           0.0036908,             0.95046,             0.96961,             0.97555,             0.88637,             0.00484,           0.0016687,           0.0012026,            0.001981,            0.001981,            0.001981
                 245,            0.011493,           0.0036253,           0.0041868,             0.94809,               0.969,             0.97646,             0.88447,            0.004808,            0.001678,           0.0012237,            0.001948,            0.001948,            0.001948
                 246,            0.011692,           0.0035946,           0.0034507,             0.94858,             0.96802,             0.97678,             0.88405,           0.0048241,           0.0016953,            0.001215,            0.001915,            0.001915,            0.001915
                 247,              0.0115,           0.0036192,           0.0037682,             0.94808,             0.96847,             0.97469,             0.88286,           0.0048499,           0.0016963,           0.0012944,            0.001882,            0.001882,            0.001882
                 248,            0.011616,           0.0036997,           0.0036092,             0.94762,             0.96909,             0.97486,             0.88207,           0.0048145,           0.0016592,           0.0013704,            0.001849,            0.001849,            0.001849
                 249,            0.011601,             0.00366,           0.0037485,             0.95082,             0.96535,             0.97504,             0.88435,           0.0047945,           0.0016422,            0.001481,            0.001816,            0.001816,            0.001816
                 250,            0.011343,           0.0037159,           0.0027205,             0.94671,             0.96548,             0.97419,             0.88836,           0.0048083,           0.0016341,           0.0016273,            0.001783,            0.001783,            0.001783
                 251,            0.011479,           0.0036974,           0.0031382,             0.94711,             0.96548,             0.97314,             0.88934,           0.0048665,            0.001637,           0.0017671,             0.00175,             0.00175,             0.00175
                 252,            0.011409,           0.0036963,            0.003556,             0.94739,             0.96359,             0.97265,             0.88672,           0.0048487,           0.0016355,           0.0017662,            0.001717,            0.001717,            0.001717
                 253,            0.011145,           0.0037392,           0.0038001,             0.94605,             0.96126,              0.9732,             0.88335,             0.00484,           0.0016355,           0.0016362,            0.001684,            0.001684,            0.001684
                 254,            0.011378,           0.0036192,           0.0038574,             0.94593,             0.96088,             0.97492,             0.88647,           0.0047977,           0.0016183,           0.0015974,            0.001651,            0.001651,            0.001651
                 255,            0.011085,           0.0036411,           0.0036499,             0.94353,              0.9604,             0.97409,             0.88488,           0.0047518,           0.0016475,           0.0016594,            0.001618,            0.001618,            0.001618
                 256,             0.01105,           0.0037229,           0.0043125,             0.93979,             0.96048,             0.97322,              0.8849,           0.0047547,           0.0016458,           0.0016597,            0.001585,            0.001585,            0.001585
                 257,            0.011112,           0.0034866,           0.0030123,             0.93973,             0.96081,             0.97415,             0.88728,           0.0047995,           0.0016452,           0.0016753,            0.001552,            0.001552,            0.001552
                 258,            0.011149,           0.0037018,           0.0034207,              0.9388,             0.96022,             0.97316,             0.88473,           0.0048666,           0.0016465,            0.001604,            0.001519,            0.001519,            0.001519
                 259,            0.011394,           0.0037295,           0.0035815,             0.94017,             0.96027,              0.9758,             0.88525,           0.0049024,           0.0016398,           0.0015065,            0.001486,            0.001486,            0.001486
                 260,             0.01156,           0.0037961,            0.003322,             0.94449,             0.96286,             0.97542,             0.88751,           0.0048862,           0.0016363,           0.0013741,            0.001453,            0.001453,            0.001453
                 261,            0.011211,           0.0036115,           0.0029648,             0.94806,             0.96494,             0.97638,             0.88294,           0.0048994,           0.0016427,           0.0013465,             0.00142,             0.00142,             0.00142
                 262,            0.010873,           0.0035654,           0.0039319,             0.93163,             0.96923,             0.97561,             0.88228,            0.004883,           0.0016409,           0.0014689,            0.001387,            0.001387,            0.001387
                 263,            0.011138,            0.003623,           0.0030246,             0.93011,             0.96884,             0.97299,             0.88273,           0.0048746,           0.0016547,           0.0016206,            0.001354,            0.001354,            0.001354
                 264,            0.011056,           0.0037008,           0.0039141,             0.92538,             0.96911,             0.97414,             0.88247,           0.0048883,           0.0016446,           0.0016838,            0.001321,            0.001321,            0.001321
                 265,            0.011292,           0.0035499,           0.0033567,             0.92778,             0.96929,             0.97519,             0.88649,           0.0048979,           0.0016359,           0.0016884,            0.001288,            0.001288,            0.001288
                 266,            0.010927,           0.0035954,           0.0032771,             0.94097,              0.9603,             0.97393,             0.88156,           0.0049059,           0.0016356,           0.0016731,            0.001255,            0.001255,            0.001255
                 267,            0.011144,           0.0035534,           0.0028228,             0.94004,             0.96022,             0.97409,             0.88363,           0.0048958,            0.001641,           0.0016773,            0.001222,            0.001222,            0.001222
                 268,            0.011131,           0.0036132,           0.0028766,             0.93732,             0.96076,             0.97511,             0.88425,           0.0049013,           0.0016476,           0.0016873,            0.001189,            0.001189,            0.001189
                 269,            0.010919,           0.0036048,           0.0033791,              0.9423,             0.96321,             0.97586,             0.88513,            0.004881,           0.0016291,           0.0016623,            0.001156,            0.001156,            0.001156
                 270,            0.010876,           0.0037271,           0.0032141,             0.94279,             0.96491,             0.97751,             0.88462,           0.0048692,           0.0016276,           0.0016546,            0.001123,            0.001123,            0.001123
                 271,            0.010632,           0.0035913,           0.0035231,             0.94165,             0.96285,             0.97771,             0.88808,           0.0048563,           0.0016299,           0.0016881,             0.00109,             0.00109,             0.00109
                 272,            0.010831,           0.0035243,           0.0036347,             0.94192,             0.95776,             0.97557,             0.88411,           0.0048986,           0.0016367,           0.0017391,            0.001057,            0.001057,            0.001057
                 273,            0.011123,           0.0036082,           0.0030489,             0.94253,             0.95955,               0.973,             0.87929,           0.0048942,           0.0016385,            0.001686,            0.001024,            0.001024,            0.001024
                 274,            0.011263,           0.0036241,           0.0033466,             0.94497,             0.96366,             0.97371,             0.88382,           0.0048817,           0.0016373,           0.0016364,            0.000991,            0.000991,            0.000991
                 275,            0.010915,           0.0034787,           0.0042295,              0.9433,             0.96557,             0.97325,             0.88183,           0.0048775,           0.0016348,           0.0016076,            0.000958,            0.000958,            0.000958
                 276,             0.01089,           0.0035185,           0.0031416,             0.94345,             0.96635,             0.97308,             0.88034,           0.0048836,           0.0016441,           0.0015708,            0.000925,            0.000925,            0.000925
                 277,            0.010931,           0.0036339,           0.0027392,             0.94282,               0.966,             0.97255,             0.87998,           0.0048764,           0.0016372,           0.0015968,            0.000892,            0.000892,            0.000892
